Ship_Mode,total
First Class,350991.64350000018
Standard Class,1444871.4855000048
Second Class,478915.21499999956
Same Day,134734.41749999989