Country,Total_per_Country
Austria,21913740.000000004
Belgium,7236324.900000019
Denmark,561473.445
Finland,1325078.4000000004
France,2428198171.6409583
Germany,1298554662.9825196
Ireland,1763787.9540000025
Italy,320998301.06399328
Netherlands,33719001.075000107
Norway,1436775.900000002
Portugal,1057358.4
Spain,246658998.12000442
Sweden,6189754.80899999
Switzerland,1940473.0800000033